{
  "best_mean_auc": 0.8797180776325352,
  "per_target": {
    "CYP1A2": 0.9514950166112957,
    "CYP2C9": 0.83317691978606,
    "CYP2C19": 0.8928761820527888,
    "CYP2D6": 0.8621710763897249,
    "CYP3A4": 0.8588711933228061
  },
  "n_molecules": 19013,
  "timestamp": "2026-01-04T12:39:24.820247"
}