{
  "best_val_auc": 0.9230879847641509,
  "test_metrics": {
    "DAT_auc": 0.8793984641638227,
    "DAT_pKi_r2": 0.24942768484101485,
    "DAT_pKi_mae": 0.7003549337387085,
    "NET_auc": 0.9196712619300106,
    "NET_pKi_r2": 0.47945898458905944,
    "NET_pKi_mae": 0.657794177532196,
    "SERT_auc": 0.9155229297406032,
    "SERT_pKi_r2": 0.5942306262957824,
    "SERT_pKi_mae": 0.71513831615448,
    "mean_auc": 0.9048642186114789
  },
  "timestamp": "2026-01-02T22:59:25.761028"
}