{
  "best_val_auc": 0.9205872197244739,
  "test_metrics": {
    "DAT_auc": 0.9003768486916951,
    "DAT_pKi_r2": 0.5468649083967143,
    "DAT_pKi_mae": 0.5741221308708191,
    "NET_auc": 0.9070242456377134,
    "NET_pKi_r2": 0.40898067789633363,
    "NET_pKi_mae": 0.6858097910881042,
    "SERT_auc": 0.9022856647650828,
    "SERT_pKi_r2": 0.44995113986498037,
    "SERT_pKi_mae": 0.8040335774421692,
    "mean_auc": 0.9032289196981638
  },
  "dat_weight": 2.0,
  "total_train_molecules": 15161,
  "timestamp": "2026-01-03T03:44:32.393658"
}